{
  "name": "selector-all",
  "version": "15.0.5",
  "jetVersion": "^15.0.5",
  "pack": "oj-c",
  "type": "composite",
  "license": "https://opensource.org/licenses/UPL",
  "implements": [
    "CSelectorAllElement"
  ],
  "description": "The selector all component renders a checkbox in collections to support selection.",
  "displayName": "SelectorAll",
  "extension": {
    "vbdt": {
      "module": "oj-c/selectorAll"
    }
  },
  "help": "oj-c.SelectorAll.html",
  "since": "15.0.0",
  "properties": {
    "selectedKeys": {
      "type": "object",
      "description": "Specifies the selectedKeys, should be hooked into the collection component.",
      "displayName": "Selected Keys",
      "help": "#selectedKeys",
      "required": true,
      "writeback": true
    }
  },
  "methods": {
    "setProperty": {
      "description": "Sets a property or a single subproperty for complex properties and notifies the component of the change, triggering a corresponding event.",
      "help": "#setProperty",
      "params": [
        {
          "name": "property",
          "description": "The property name to set. Supports dot notation for subproperty access.",
          "type": "string"
        },
        {
          "name": "value",
          "description": "The new value to set the property to.",
          "type": "any"
        }
      ],
      "return": "void"
    },
    "getProperty": {
      "description": "Retrieves the value of a property or a subproperty.",
      "help": "#getProperty",
      "params": [
        {
          "name": "property",
          "description": "The property name to get. Supports dot notation for subproperty access.",
          "type": "string"
        }
      ],
      "return": "any"
    },
    "setProperties": {
      "description": "Performs a batch set of properties.",
      "help": "#setProperties",
      "params": [
        {
          "name": "properties",
          "description": "An object containing the property and value pairs to set.",
          "type": "object"
        }
      ],
      "return": "void"
    }
  },
  "main": "oj-c/selector-all"
}
