{"oj-c.Avatar":{"ref":"oj-c.Avatar.html","subCategory":"Class","members":" background iconClass initials shape size src","methods":" getProperty setProperties setProperty","decorators":""},"oj-c.Button":{"ref":"oj-c.Button.html","subCategory":"Class","members":" endIcon startIcon chroming disabled display edge label size tooltip width","events":" event:ojAction","methods":" getProperty setProperties setProperty","decorators":""},"oj-c.Collapsible":{"ref":"oj-c.Collapsible.html","subCategory":"Class","members":" Default header disabled expanded iconPosition variant","events":" event:ojBeforeCollapse event:ojBeforeExpand event:ojCollapse event:ojExpand","methods":" getProperty setProperties setProperty","decorators":""},"oj-c.FilePicker":{"ref":"oj-c.FilePicker.html","subCategory":"Class","members":" trigger accept capture disabled primaryText secondaryText selectionMode","events":" event:ojBeforeSelect event:ojInvalidSelect event:ojSelect","methods":" _doSelectHelper blur focus getProperty setProperties setProperty","decorators":""},"oj-c.HighlightText":{"ref":"oj-c.HighlightText.html","subCategory":"Class","members":" matchText text","methods":" getProperty setProperties setProperty","decorators":""},"oj-c.InputDateText":{"ref":"oj-c.InputDateText.html","subCategory":"Class","members":" autocomplete containerReadonly converter dateRangeOverflowMessageDetail dateRangeUnderflowMessageDetail disabled displayOptions help helpHints labelEdge labelHint labelStartWidth labelWrapping max messagesCustom min rawValue readonly required requiredMessageDetail textAlign userAssistanceDensity valid validators value","methods":" getProperty reset setProperties setProperty showMessages validate","decorators":""},"oj-c.InputNumber":{"ref":"oj-c.InputNumber.html","subCategory":"Class","members":" autocomplete containerReadonly converter disabled displayOptions help helpHints inputPrefix inputSuffix labelEdge labelHint labelStartWidth labelWrapping max messagesCustom min numberRangeExactMessageDetail numberRangeOverflowMessageDetail numberRangeUnderflowMessageDetail placeholder rawValue readonly required requiredMessageDetail step textAlign transientValue userAssistanceDensity valid validators value virtualKeyboard","methods":" getProperty reset setProperties setProperty showMessages validate","decorators":""},"oj-c.InputPassword":{"ref":"oj-c.InputPassword.html","subCategory":"Class","members":" autocomplete clearIcon containerReadonly disabled displayOptions help helpHints labelEdge labelHint labelStartWidth labelWrapping maskIcon messagesCustom placeholder rawValue readonly required requiredMessageDetail textAlign userAssistanceDensity valid validators value","methods":" getProperty reset setProperties setProperty showMessages validate","decorators":""},"oj-c.InputText":{"ref":"oj-c.InputText.html","subCategory":"Class","members":" end start autocomplete clearIcon containerReadonly converter disabled displayOptions help helpHints inputPrefix inputSuffix labelEdge labelHint labelStartWidth labelWrapping length messagesCustom placeholder rawValue readonly required requiredMessageDetail textAlign userAssistanceDensity valid validators value virtualKeyboard","methods":" getProperty reset setProperties setProperty showMessages validate","decorators":""},"oj-c.Legend":{"ref":"oj-c.Legend.html","subCategory":"Class","members":" itemTemplate sectionTemplate data drilling halign hiddenCategories hideAndShowBehavior highlightedCategories hoverBehavior orientation sectionTitleHalign sectionTitleStyle sectionTitleStyle.color sectionTitleStyle.fontFamily sectionTitleStyle.fontSize sectionTitleStyle.fontStyle sectionTitleStyle.fontWeight sectionTitleStyle.textDecoration symbolHeight symbolWidth textStyle textStyle.color textStyle.fontFamily textStyle.fontSize textStyle.fontStyle textStyle.fontWeight textStyle.textDecoration valign","events":" event:ojDrill","methods":" getProperty setProperties setProperty","decorators":""},"oj-c.LegendItem":{"ref":"oj-c.LegendItem.html","subCategory":"Class","members":" borderColor categories color lineStyle lineWidth markerColor markerShape shortDesc source symbolType text","methods":"","decorators":""},"oj-c.LegendSection":{"ref":"oj-c.LegendSection.html","subCategory":"Class","members":" text","methods":"","decorators":""},"oj-c.ListItemLayout":{"ref":"oj-c.ListItemLayout.html","subCategory":"Class","members":" Default action leading metadata navigation overline quaternary secondary selector tertiary trailing inset","methods":" getProperty setProperties setProperty","decorators":""},"oj-c.ListView":{"ref":"oj-c.ListView.html","subCategory":"Class","members":" itemTemplate noData currentItem data gridlines scrollPolicyOptions scrollPolicyOptions.fetchSize scrollPolicyOptions.scroller selected selectionMode","events":" event:ojItemAction","methods":" getProperty setProperties setProperty","decorators":""},"oj-c.MessageToast":{"ref":"oj-c.MessageToast.html","subCategory":"Class","members":" data detailTemplateValue iconTemplateValue offset position","events":" event:ojClose","methods":" getProperty setProperties setProperty","decorators":""},"oj-c.MeterBar":{"ref":"oj-c.MeterBar.html","subCategory":"Class","members":" color datatip describedBy indicatorSize labelledBy max min orientation plotArea readonly referenceLines size step thresholdDisplay thresholds transientValue value","methods":" getProperty setProperties setProperty","decorators":""},"oj-c.MeterCircle":{"ref":"oj-c.MeterCircle.html","subCategory":"Class","members":" centerTemplate angleExtent color datatip describedBy indicatorSize innerRadius labelledBy max min plotArea readonly referenceLines size startAngle step thresholdDisplay thresholds transientValue value","methods":" getProperty setProperties setProperty","decorators":""},"oj-c.ProgressBar":{"ref":"oj-c.ProgressBar.html","subCategory":"Class","members":" edge max value","methods":" getProperty setProperties setProperty","decorators":""},"oj-c.ProgressCircle":{"ref":"oj-c.ProgressCircle.html","subCategory":"Class","members":" max size value","methods":" getProperty setProperties setProperty","decorators":""},"oj-c.RatingGauge":{"ref":"oj-c.RatingGauge.html","subCategory":"Class","members":" changed color datatip describedBy disabled labelledBy max readonly size step thresholds tooltip transientValue value","methods":" getProperty setProperties setProperty","decorators":""},"oj-c.SelectMultiple":{"ref":"oj-c.SelectMultiple.html","subCategory":"Class","members":" itemTemplate containerReadonly data disabled displayOptions help helpHints itemText labelEdge labelHint labelStartWidth labelWrapping messagesCustom placeholder readonly required requiredMessageDetail textAlign userAssistanceDensity valid value valueItems virtualKeyboard","methods":" getProperty reset setProperties setProperty showMessages validate","decorators":""},"oj-c.Selector":{"ref":"oj-c.Selector.html","subCategory":"Class","members":" indeterminate rowKey selectedKeys selectionMode","methods":" getProperty setProperties setProperty","decorators":""},"oj-c.SelectorAll":{"ref":"oj-c.SelectorAll.html","subCategory":"Class","members":" selectedKeys","methods":" getProperty setProperties setProperty","decorators":""},"oj-c.SelectSingle":{"ref":"oj-c.SelectSingle.html","subCategory":"Class","members":" containerReadonly data disabled displayOptions help helpHints itemText labelEdge labelHint labelStartWidth labelWrapping messagesCustom placeholder readonly required requiredMessageDetail textAlign userAssistanceDensity valid value valueItem virtualKeyboard","events":" event:ojValueAction","methods":" getProperty reset setProperties setProperty showMessages validate","decorators":""},"oj-c.SplitMenuButton":{"ref":"oj-c.SplitMenuButton.html","subCategory":"Class","members":" chroming disabled items label size width","events":" event:ojAction","methods":" getProperty setProperties setProperty","decorators":""},"oj-c.TagCloud":{"ref":"oj-c.TagCloud.html","subCategory":"Class","members":" itemTemplate data datatip hiddenCategories highlightMatch highlightedCategories hoverBehavior layout selection selectionMode touchResponse","methods":" getProperty setProperties setProperty","decorators":""},"oj-c.TagCloudItem":{"ref":"oj-c.TagCloudItem.html","subCategory":"Class","members":" categories color label shortDesc url value","methods":"","decorators":""},"oj-c.TextArea":{"ref":"oj-c.TextArea.html","subCategory":"Class","members":" autocomplete containerReadonly converter disabled displayOptions help helpHints labelEdge labelHint labelStartWidth labelWrapping length maxRows messagesCustom placeholder rawValue readonly required requiredMessageDetail resizeBehavior rows textAlign userAssistanceDensity valid validators value","methods":" getProperty reset setProperties setProperty showMessages validate","decorators":""}}