{
  "name": "oj-c",
  "version": "15.0.5",
  "jetVersion": "^15.0.5",
  "type": "mono-pack",
  "displayName": "Oracle JET Core pack",
  "description": "Core Oracle JET components implemented using virtual DOM technology",
  "help": "docs/index.html",
  "license": "https://opensource.org/licenses/UPL",
  "dependencies": {
    "oraclejet-preact": "15.0.5"
  },
  "bundles": {
    "oj-c/corepackbundle": [
      "oj-c/highlight-text",
      "oj-c/input-date-text",
      "oj-c/input-number",
      "oj-c/input-password",
      "oj-c/input-text",
      "oj-c/message-toast",
      "oj-c/text-area",
      "oj-c/progress-bar",
      "oj-c/progress-circle",
      "oj-c/avatar",
      "oj-c/button",
      "oj-c/rating-gauge",
      "oj-c/select-multiple",
      "oj-c/select-single",
      "oj-c/collapsible",
      "oj-c/file-picker",
      "oj-c/meter-bar",
      "oj-c/meter-circle",
      "oj-c/list-item-layout",
      "oj-c/list-view",
      "oj-c/split-menu-button",
      "oj-c/selector",
      "oj-c/selector-all",
      "oj-c/legend",
      "oj-c/legend-item",
      "oj-c/legend-section",
      "oj-c/tag-cloud",
      "oj-c/tag-cloud-item"
    ]
  },
  "contents": [
    {
      "name": "hooks",
      "type": "resource"
    },
    {
      "name": "utils",
      "type": "resource"
    },
    {
      "name": "highlight-text"
    },
    {
      "name": "input-number"
    },
    {
      "name": "input-password"
    },
    {
      "name": "input-text"
    },
    {
      "name": "message-toast"
    },
    {
      "name": "select-multiple"
    },
    {
      "name": "select-single"
    },
    {
      "name": "select-common",
      "type": "resource"
    },
    {
      "name": "text-area"
    },
    {
      "name": "progress-bar"
    },
    {
      "name": "progress-circle"
    },
    {
      "name": "avatar"
    },
    {
      "name": "editable-value",
      "type": "resource"
    },
    {
      "name": "button"
    },
    {
      "name": "rating-gauge"
    },
    {
      "name": "collapsible"
    },
    {
      "name": "file-picker"
    },
    {
      "name": "meter-bar"
    },
    {
      "name": "meter-circle"
    },
    {
      "name": "list-item-layout"
    },
    {
      "name": "list-view"
    },
    {
      "name": "split-menu-button"
    },
    {
      "name": "selector"
    },
    {
      "name": "selector-all"
    },
    {
      "name": "input-date-text"
    },
    {
      "name": "unsafe",
      "type": "resource"
    },
    {
      "name": "legend"
    },
    {
      "name": "legend-item"
    },
    {
      "name": "legend-section"
    },
    {
      "name": "tag-cloud"
    },
    {
      "name": "tag-cloud-item"
    }
  ]
}