[
  {
    "pack": "oj-c",
    "id": "oj-c.MeterCircle",
    "name": "MeterCircle",
    "memberof": "oj-c",
    "longname": "oj-c.MeterCircle",
    "kind": "class",
    "classdesc": "<h3 id=\"meterCircleOverview-section\">\n  JET meter circle\n  <a class=\"bookmarkable-link\" title=\"Bookmarkable Link\" href=\"#meterCircleOverview-section\"></a>\n</h3>\nA meter circle displays information graphically in a circular bar, highlighting a specific metric value's progress in relation to its min, max and thresholds.\n<pre class=\"prettyprint\"><code>&lt;oj-c-meter-circle value='4'>&lt;/oj-c-meter-circle></code></pre>\n<h3 id=\"a11y-section\">\n  Accessibility\n  <a class=\"bookmarkable-link\" title=\"Bookmarkable Link\" href=\"#a11y-section\"></a>\n</h3>\n<p>\nThe application is strongly encouraged, even though it is not required, to populate the aria-label attribute on the element with meaningful descriptors as\nthe oj-c-meter-circle element does not provide a default descriptor.\n</p>\n<p>\nIf an application is using center content with visible text, thresholds, or reference lines, they need to include the information for screender readers using the following methods:\n <ul>\n  <li>aria-describedby</li>\n  <li>aria-labelledby</li>\n  <li>aria-label</li>\n </ul>\n</p>\n<p>\nIf you are using indicatorColor, applications are responsible for making sure that the color meets the\n<a href=\"https://www.w3.org/TR/WCAG21/#contrast-minimum\">minimum contrast ratio</a>.\n</p>\n\n<h3 id=\"keyboardSection\">\n  Keyboard\n  <a class=\"bookmarkable-link\" title=\"Bookmarkable Link\" href=\"#keyboardSection\"></a>\n</h3>\n\n<table class=\"keyboard-table\">\n  <thead>\n    <tr>\n      <th>Key</th>\n      <th>Action</th>\n    </tr>\n  </thead>\n  <tbody>\n    <tr>\n      <td><kbd>Enter</kbd></td>\n      <td>Submit the current value of the meter circle.</td>\n    </tr>\n    <tr>\n      <td><kbd>Tab</kbd></td>\n      <td>Move focus to next element and submit the current value of the meter circle.</td>\n    </tr>\n    <tr>\n      <td><kbd>Shift + Tab</kbd></td>\n      <td>Move focus to previous element.</td>\n    </tr>\n    <tr>\n      <td><kbd>End</kbd></td>\n      <td>Increase the meter circle's transient value to max value. Value is set after using <kbd>Enter</kbd> or <kbd>Tab</kbd> to submit.</td>\n    </tr>\n    <tr>\n      <td><kbd>Home</kbd></td>\n      <td>Decrease the meter circle's transient value to zero. Value is set after using <kbd>Enter</kbd> or <kbd>Tab</kbd> to submit.</td>\n    </tr>\n    <tr>\n      <td><kbd>UpArrow</kbd></td>\n      <td>Increase the meter circle's transient value. Value is set after using <kbd>Enter</kbd> or <kbd>Tab</kbd> to submit.</td>\n    </tr>\n    <tr>\n      <td><kbd>DownArrow</kbd></td>\n      <td>Decrease the meter circle's transient value. Value is set after using <kbd>Enter</kbd> or <kbd>Tab</kbd> to submit.</td>\n    </tr>\n    <tr>\n      <td><kbd>LeftArrow</kbd></td>\n      <td>Decrease the meter circle's transient value in left-to-right locales. Increase the meter circle's transient value in right-to-left locales. Value is set after using <kbd>Enter</kbd> or <kbd>Tab</kbd> to submit.</td>\n    </tr>\n    <tr>\n      <td><kbd>RightArrow</kbd></td>\n      <td>Increase the meter circle's transient value in left-to-right locales. Decrease the meter circle's transient value in right-to-left locales. Value is set after using <kbd>Enter</kbd> or <kbd>Tab</kbd> to submit.</td>\n    </tr>\n  </tbody>\n</table>\n\n<h3 id=\"touch-section\">\nTouch End User Information\n  <a class=\"bookmarkable-link\" title=\"Bookmarkable Link\" href=\"#touch-section\"></a>\n</h3>\n\n<table class=\"keyboard-table\">\n  <thead>\n    <tr>\n      <th>Gesture</th>\n      <th>Action</th>\n    </tr>\n  </thead>\n  <tbody>\n    <tr>\n      <td><kbd>Press and Hold</kbd></td>\n      <td>Activate tooltip or datatip.</td>\n    </tr>\n    <tr>\n      <td><kbd>Drag</kbd></td>\n      <td>Value change when <code class=\"prettyprint\">readonly</code> is <code class=\"prettyprint\">false</code>.</td>\n    </tr>\n  </tbody>\n</table>",
    "scope": "static",
    "tagWithoutBrackets": "oj-c-meter-circle",
    "tagWithBrackets": "<oj-c-meter-circle>",
    "domInterface": "CMeterCircleElement",
    "ojPageTitle": "&lt;oj-c-meter-circle>",
    "ojcomponent": true,
    "isvcomponent": true,
    "camelCaseName": "MeterCircle",
    "ojPageTitlePrefix": "Element: ",
    "ojtsvcomponent": true,
    "tstype": {
      "target": "Type",
      "value": "interface CMeterCircleElement extends JetElement<MeterCircleElementSettableProperties>"
    },
    "ojsignature": [
      {
        "target": "Type",
        "value": "interface CMeterCircleElement extends JetElement<MeterCircleElementSettableProperties>"
      }
    ],
    "since": "14.0.0",
    "tsdeprecated": [
      {
        "type": "supersedes",
        "since": "15.0.0",
        "value": [
          "oj-status-meter-gauge"
        ]
      }
    ],
    "meta": {
      "filename": "meter-circle.tsx",
      "path": "/home/jenkins/uitech/workspace/OJET_Code_15.0.5/packages/oraclejet-core-pack/web/components/oj-c/meter-circle"
    },
    "ojmodule": "meter-circle"
  },
  {
    "memberof": "oj-c.MeterCircle",
    "id": "oj-c.MeterCircle#max",
    "name": "max",
    "kind": "member",
    "longname": "oj-c.MeterCircle#max",
    "optional": true,
    "scope": "instance",
    "description": "Integer value specifying the maximum value of the meter circle.",
    "meta": {
      "filename": "meter-circle.tsx",
      "path": "/home/jenkins/uitech/workspace/OJET_Code_15.0.5/packages/oraclejet-core-pack/web/components/oj-c/meter-circle"
    },
    "defaultvalue": 100,
    "type": {
      "names": [
        "number"
      ]
    }
  },
  {
    "memberof": "oj-c.MeterCircle",
    "id": "oj-c.MeterCircle#min",
    "name": "min",
    "kind": "member",
    "longname": "oj-c.MeterCircle#min",
    "optional": true,
    "scope": "instance",
    "description": "Integer value specifying the minimum value of the meter circle.",
    "meta": {
      "filename": "meter-circle.tsx",
      "path": "/home/jenkins/uitech/workspace/OJET_Code_15.0.5/packages/oraclejet-core-pack/web/components/oj-c/meter-circle"
    },
    "defaultvalue": 0,
    "type": {
      "names": [
        "number"
      ]
    }
  },
  {
    "memberof": "oj-c.MeterCircle",
    "id": "oj-c.MeterCircle#readonly",
    "name": "readonly",
    "kind": "member",
    "longname": "oj-c.MeterCircle#readonly",
    "optional": true,
    "scope": "instance",
    "description": "Defines whether the value of the meter circle can be changed by the end user.",
    "meta": {
      "filename": "meter-circle.tsx",
      "path": "/home/jenkins/uitech/workspace/OJET_Code_15.0.5/packages/oraclejet-core-pack/web/components/oj-c/meter-circle"
    },
    "defaultvalue": false,
    "type": {
      "names": [
        "boolean"
      ]
    }
  },
  {
    "memberof": "oj-c.MeterCircle",
    "id": "oj-c.MeterCircle#value",
    "name": "value",
    "kind": "member",
    "longname": "oj-c.MeterCircle#value",
    "optional": true,
    "scope": "instance",
    "ojwriteback": true,
    "description": "The value of the meter circle.",
    "meta": {
      "filename": "meter-circle.tsx",
      "path": "/home/jenkins/uitech/workspace/OJET_Code_15.0.5/packages/oraclejet-core-pack/web/components/oj-c/meter-circle"
    },
    "defaultvalue": 0,
    "type": {
      "names": [
        "number|null"
      ]
    }
  },
  {
    "memberof": "oj-c.MeterCircle",
    "id": "oj-c.MeterCircle#step",
    "name": "step",
    "kind": "member",
    "longname": "oj-c.MeterCircle#step",
    "optional": true,
    "scope": "instance",
    "description": "Specifies the increment by which values can be changed by the end user when readonly is false. The step must be a positive value that is smaller than the difference between the min and max.",
    "meta": {
      "filename": "meter-circle.tsx",
      "path": "/home/jenkins/uitech/workspace/OJET_Code_15.0.5/packages/oraclejet-core-pack/web/components/oj-c/meter-circle"
    },
    "defaultvalue": 1,
    "type": {
      "names": [
        "number"
      ]
    }
  },
  {
    "memberof": "oj-c.MeterCircle",
    "id": "oj-c.MeterCircle#color",
    "name": "color",
    "kind": "member",
    "longname": "oj-c.MeterCircle#color",
    "optional": true,
    "scope": "instance",
    "description": "Specifies the color of the meter circle indicator. Only applies when thresholdDisplay is not set to indicator.",
    "meta": {
      "filename": "meter-circle.tsx",
      "path": "/home/jenkins/uitech/workspace/OJET_Code_15.0.5/packages/oraclejet-core-pack/web/components/oj-c/meter-circle"
    },
    "type": {
      "names": [
        "string"
      ]
    }
  },
  {
    "memberof": "oj-c.MeterCircle",
    "id": "oj-c.MeterCircle#indicatorSize",
    "name": "indicatorSize",
    "kind": "member",
    "longname": "oj-c.MeterCircle#indicatorSize",
    "optional": true,
    "scope": "instance",
    "description": "Specifies the ratio of relative thickness of the indicator to the plot area.",
    "meta": {
      "filename": "meter-circle.tsx",
      "path": "/home/jenkins/uitech/workspace/OJET_Code_15.0.5/packages/oraclejet-core-pack/web/components/oj-c/meter-circle"
    },
    "defaultvalue": 1,
    "type": {
      "names": [
        "number"
      ]
    }
  },
  {
    "memberof": "oj-c.MeterCircle",
    "id": "oj-c.MeterCircle#innerRadius",
    "name": "innerRadius",
    "kind": "member",
    "longname": "oj-c.MeterCircle#innerRadius",
    "optional": true,
    "scope": "instance",
    "description": "Specifies the inner radius, defined by the ratio of the distance from the center of the gauge to the innermost edge of the indicator to plot area. Valid values are ratios from 0 to 1. Depends on the size of the gauge and theme.",
    "meta": {
      "filename": "meter-circle.tsx",
      "path": "/home/jenkins/uitech/workspace/OJET_Code_15.0.5/packages/oraclejet-core-pack/web/components/oj-c/meter-circle"
    },
    "type": {
      "names": [
        "number"
      ]
    }
  },
  {
    "memberof": "oj-c.MeterCircle",
    "id": "oj-c.MeterCircle#plotArea",
    "name": "plotArea",
    "kind": "member",
    "longname": "oj-c.MeterCircle#plotArea",
    "optional": false,
    "scope": "instance",
    "description": "Specifies the plot area of the meter circle.",
    "meta": {
      "filename": "meter-circle.tsx",
      "path": "/home/jenkins/uitech/workspace/OJET_Code_15.0.5/packages/oraclejet-core-pack/web/components/oj-c/meter-circle"
    },
    "type": {
      "names": [
        "object"
      ]
    },
    "tstype": [
      {
        "target": "Type",
        "value": "oj-c.MeterCircle.PlotArea",
        "jsdocOverride": true
      }
    ]
  },
  {
    "memberof": "oj-c.MeterCircle",
    "id": "oj-c.MeterCircle#angleExtent",
    "name": "angleExtent",
    "kind": "member",
    "longname": "oj-c.MeterCircle#angleExtent",
    "optional": true,
    "scope": "instance",
    "description": "Specifies the angle extent of a meter circle. Value should be provided in degrees.",
    "meta": {
      "filename": "meter-circle.tsx",
      "path": "/home/jenkins/uitech/workspace/OJET_Code_15.0.5/packages/oraclejet-core-pack/web/components/oj-c/meter-circle"
    },
    "defaultvalue": 360,
    "type": {
      "names": [
        "number"
      ]
    }
  },
  {
    "memberof": "oj-c.MeterCircle",
    "id": "oj-c.MeterCircle#startAngle",
    "name": "startAngle",
    "kind": "member",
    "longname": "oj-c.MeterCircle#startAngle",
    "optional": true,
    "scope": "instance",
    "description": "Specifies the start angle of the plot area relative to the positive x axis. Value should be provided in degrees.",
    "meta": {
      "filename": "meter-circle.tsx",
      "path": "/home/jenkins/uitech/workspace/OJET_Code_15.0.5/packages/oraclejet-core-pack/web/components/oj-c/meter-circle"
    },
    "defaultvalue": 90,
    "type": {
      "names": [
        "number"
      ]
    }
  },
  {
    "memberof": "oj-c.MeterCircle",
    "id": "oj-c.MeterCircle#referenceLines",
    "name": "referenceLines",
    "kind": "member",
    "longname": "oj-c.MeterCircle#referenceLines",
    "optional": true,
    "scope": "instance",
    "description": "Specifies the array of objects defining the reference lines for the meter circle.",
    "meta": {
      "filename": "meter-circle.tsx",
      "path": "/home/jenkins/uitech/workspace/OJET_Code_15.0.5/packages/oraclejet-core-pack/web/components/oj-c/meter-circle"
    },
    "type": {
      "names": [
        "Array<object>"
      ]
    },
    "tstype": [
      {
        "target": "Type",
        "value": "Array<oj-c.MeterCircle.ReferenceLine>",
        "jsdocOverride": true
      }
    ]
  },
  {
    "memberof": "oj-c.MeterCircle",
    "id": "oj-c.MeterCircle#thresholdDisplay",
    "name": "thresholdDisplay",
    "kind": "member",
    "longname": "oj-c.MeterCircle#thresholdDisplay",
    "optional": true,
    "scope": "instance",
    "description": "Controls whether the current threshold is displayed on the indicator, in the plot area, or if all the thresholds are displayed in the plot area.",
    "meta": {
      "filename": "meter-circle.tsx",
      "path": "/home/jenkins/uitech/workspace/OJET_Code_15.0.5/packages/oraclejet-core-pack/web/components/oj-c/meter-circle"
    },
    "defaultvalue": "\"indicator\"",
    "type": {
      "names": [
        "\"all\"",
        "\"plotArea\"",
        "\"indicator\""
      ]
    }
  },
  {
    "memberof": "oj-c.MeterCircle",
    "id": "oj-c.MeterCircle#thresholds",
    "name": "thresholds",
    "kind": "member",
    "longname": "oj-c.MeterCircle#thresholds",
    "optional": true,
    "scope": "instance",
    "description": "An array of objects defining the thresholds for the meter circle.",
    "meta": {
      "filename": "meter-circle.tsx",
      "path": "/home/jenkins/uitech/workspace/OJET_Code_15.0.5/packages/oraclejet-core-pack/web/components/oj-c/meter-circle"
    },
    "type": {
      "names": [
        "Array<object>"
      ]
    },
    "tstype": [
      {
        "target": "Type",
        "value": "Array<oj-c.MeterCircle.Threshold>",
        "jsdocOverride": true
      }
    ]
  },
  {
    "memberof": "oj-c.MeterCircle",
    "id": "oj-c.MeterCircle#describedBy",
    "name": "describedBy",
    "kind": "member",
    "longname": "oj-c.MeterCircle#describedBy",
    "optional": true,
    "scope": "instance",
    "description": "Used to establish a relationship between this component and another element.\nTo facilitate correct screen reader behavior, the described-by attribute is\ncopied to the aria-describedby attribute on the component's dom.",
    "meta": {
      "filename": "meter-circle.tsx",
      "path": "/home/jenkins/uitech/workspace/OJET_Code_15.0.5/packages/oraclejet-core-pack/web/components/oj-c/meter-circle"
    },
    "type": {
      "names": [
        "string|null"
      ]
    }
  },
  {
    "memberof": "oj-c.MeterCircle",
    "id": "oj-c.MeterCircle#labelledBy",
    "name": "labelledBy",
    "kind": "member",
    "longname": "oj-c.MeterCircle#labelledBy",
    "optional": true,
    "scope": "instance",
    "description": "Used to establish a relationship between this component and another element.\nA common use is to tie a label, which a text in a div or some other HTML element, and the oj-c-meter-circle together for accessibility.\nThe label element has an id, which is used by the labelled-by attribute to tie the two components together to facilitate correct screen reader behavior.",
    "meta": {
      "filename": "meter-circle.tsx",
      "path": "/home/jenkins/uitech/workspace/OJET_Code_15.0.5/packages/oraclejet-core-pack/web/components/oj-c/meter-circle"
    },
    "type": {
      "names": [
        "string|null"
      ]
    }
  },
  {
    "memberof": "oj-c.MeterCircle",
    "id": "oj-c.MeterCircle#size",
    "name": "size",
    "kind": "member",
    "longname": "oj-c.MeterCircle#size",
    "optional": true,
    "scope": "instance",
    "description": "Specifies the size of the meter var.",
    "meta": {
      "filename": "meter-circle.tsx",
      "path": "/home/jenkins/uitech/workspace/OJET_Code_15.0.5/packages/oraclejet-core-pack/web/components/oj-c/meter-circle"
    },
    "ojvalues": [
      {
        "name": "sm",
        "description": "small Meter circle",
        "displayName": "Small",
        "type": {
          "names": [
            "string"
          ]
        }
      },
      {
        "name": "md",
        "description": "medium Meter circle (default, if unspecified)",
        "displayName": "Medium",
        "type": {
          "names": [
            "string"
          ]
        }
      },
      {
        "name": "lg",
        "description": "large Meter circle",
        "displayName": "Large",
        "type": {
          "names": [
            "string"
          ]
        }
      }
    ],
    "defaultvalue": "\"md\"",
    "type": {
      "names": [
        "\"sm\"",
        "\"md\"",
        "\"lg\""
      ]
    }
  },
  {
    "memberof": "oj-c.MeterCircle",
    "id": "oj-c.MeterCircle#datatip",
    "name": "datatip",
    "kind": "member",
    "longname": "oj-c.MeterCircle#datatip",
    "optional": true,
    "scope": "instance",
    "description": "The function that returns a custom datatip string for given value of meter circle. The function is called with DatatipContext as context. If datatip is undefined,\nmeter circle will use the default datatip. If the returned value of the function is null, no datatip is shown.",
    "meta": {
      "filename": "meter-circle.tsx",
      "path": "/home/jenkins/uitech/workspace/OJET_Code_15.0.5/packages/oraclejet-core-pack/web/components/oj-c/meter-circle"
    },
    "type": {
      "names": [
        "function"
      ]
    },
    "tstype": [
      {
        "target": "Type",
        "value": "(context: DatatipContext) => string | null",
        "jsdocOverride": true
      }
    ]
  },
  {
    "memberof": "oj-c.MeterCircle",
    "id": "oj-c.MeterCircle#transientValue",
    "name": "transientValue",
    "kind": "member",
    "longname": "oj-c.MeterCircle#transientValue",
    "optional": true,
    "scope": "instance",
    "ojwriteback": true,
    "readonly": true,
    "description": "A read-only property for retrieving the transient value from the meter circle. It is triggered when dragging over the meter circle.",
    "meta": {
      "filename": "meter-circle.tsx",
      "path": "/home/jenkins/uitech/workspace/OJET_Code_15.0.5/packages/oraclejet-core-pack/web/components/oj-c/meter-circle"
    },
    "type": {
      "names": [
        "number"
      ]
    }
  },
  {
    "memberof": "oj-c.MeterCircle",
    "id": "oj-c.MeterCircle#setProperty",
    "name": "setProperty",
    "kind": "function",
    "longname": "oj-c.MeterCircle#setProperty",
    "description": "Sets a property or a single subproperty for complex properties and notifies the component of the change, triggering a corresponding event.",
    "meta": {
      "filename": "meter-circle.tsx",
      "path": "/home/jenkins/uitech/workspace/OJET_Code_15.0.5/packages/oraclejet-core-pack/web/components/oj-c/meter-circle"
    },
    "scope": "instance",
    "params": [
      {
        "name": "property",
        "description": "The property name to set. Supports dot notation for subproperty access.",
        "type": "string"
      },
      {
        "name": "value",
        "description": "The new value to set the property to.",
        "type": "any"
      }
    ],
    "returns": [
      {
        "type": {
          "names": [
            "void"
          ]
        }
      }
    ]
  },
  {
    "memberof": "oj-c.MeterCircle",
    "id": "oj-c.MeterCircle#getProperty",
    "name": "getProperty",
    "kind": "function",
    "longname": "oj-c.MeterCircle#getProperty",
    "description": "Retrieves the value of a property or a subproperty.",
    "meta": {
      "filename": "meter-circle.tsx",
      "path": "/home/jenkins/uitech/workspace/OJET_Code_15.0.5/packages/oraclejet-core-pack/web/components/oj-c/meter-circle"
    },
    "scope": "instance",
    "params": [
      {
        "name": "property",
        "description": "The property name to get. Supports dot notation for subproperty access.",
        "type": "string"
      }
    ],
    "returns": [
      {
        "type": {
          "names": [
            "any"
          ]
        }
      }
    ]
  },
  {
    "memberof": "oj-c.MeterCircle",
    "id": "oj-c.MeterCircle#setProperties",
    "name": "setProperties",
    "kind": "function",
    "longname": "oj-c.MeterCircle#setProperties",
    "description": "Performs a batch set of properties.",
    "meta": {
      "filename": "meter-circle.tsx",
      "path": "/home/jenkins/uitech/workspace/OJET_Code_15.0.5/packages/oraclejet-core-pack/web/components/oj-c/meter-circle"
    },
    "scope": "instance",
    "params": [
      {
        "name": "properties",
        "description": "An object containing the property and value pairs to set.",
        "type": "object"
      }
    ],
    "returns": [
      {
        "type": {
          "names": [
            "void"
          ]
        }
      }
    ]
  },
  {
    "memberof": "oj-c.MeterCircle",
    "id": "oj-c.MeterCircle#centerTemplate",
    "name": "centerTemplate",
    "kind": "member",
    "longname": "oj-c.MeterCircle#centerTemplate",
    "description": "The centerTemplate slot is used to specify center content. When the template is executed, the component's binding context is extended with the following properties:",
    "meta": {
      "filename": "meter-circle.tsx",
      "path": "/home/jenkins/uitech/workspace/OJET_Code_15.0.5/packages/oraclejet-core-pack/web/components/oj-c/meter-circle"
    },
    "scope": "instance",
    "ojchild": false,
    "ojslot": true,
    "properties": [
      {
        "name": "innerBounds",
        "description": "Object containing (x, y, width, height) of the rectangle inscribed in the center area. The inner bounds are useful for inserting content that is guaranteed to fit within the center area. If the angleExtent isn't 360 then we will provide the clipped square.",
        "type": {
          "names": [
            "object"
          ]
        },
        "tstype": [
          {
            "target": "Type",
            "value": "oj-c.MeterCircle.Bounds",
            "for": "innerBounds",
            "jsdocOverride": true
          }
        ]
      },
      {
        "name": "outerBounds",
        "description": "Object containing (x, y, width, height) of the rectangle circumscribing the center area. The outer bounds are useful for creating background for the entire center area when used with a CSS border-radius. If the angleExtent isn't 360 then we will provide the clipped square.",
        "type": {
          "names": [
            "object"
          ]
        },
        "tstype": [
          {
            "target": "Type",
            "value": "oj-c.MeterCircle.Bounds",
            "for": "outerBounds",
            "jsdocOverride": true
          }
        ]
      },
      {
        "name": "value",
        "description": "The current value of the meter circle.",
        "type": {
          "names": [
            "number|null"
          ]
        }
      }
    ]
  },
  {
    "id": "oj-c.MeterCircle.touchDoc",
    "name": "touchDoc",
    "kind": "member",
    "longname": "oj-c.MeterCircle.touchDoc",
    "description": "<table class=\"keyboard-table\">\n  <thead>\n    <tr>\n      <th>Gesture</th>\n      <th>Action</th>\n    </tr>\n  </thead>\n  <tbody>\n    <tr>\n      <td><kbd>Press and Hold</kbd></td>\n      <td>Activate tooltip or datatip.</td>\n    </tr>\n    <tr>\n      <td><kbd>Drag</kbd></td>\n      <td>Value change when <code class=\"prettyprint\">readonly</code> is <code class=\"prettyprint\">false</code>.</td>\n    </tr>\n  </tbody>\n</table>",
    "memberof": "oj-c.MeterCircle",
    "meta": {
      "filename": "meter-circle.tsx",
      "path": "/home/jenkins/uitech/workspace/OJET_Code_15.0.5/packages/oraclejet-core-pack/web/components/oj-c/meter-circle"
    },
    "ojfragment": true
  },
  {
    "memberof": "oj-c.MeterCircle",
    "id": "oj-c.MeterCircle.PlotArea",
    "name": "PlotArea",
    "kind": "typedef",
    "longname": "oj-c.MeterCircle.PlotArea",
    "scope": "static",
    "description": "",
    "type": {
      "names": [
        "Object"
      ]
    },
    "meta": {
      "filename": "meter-circle.tsx",
      "path": "/home/jenkins/uitech/workspace/OJET_Code_15.0.5/packages/oraclejet-core-pack/web/components/oj-c/meter-circle"
    },
    "properties": [
      {
        "name": "color",
        "description": "The color of the plot area.",
        "optional": true,
        "type": {
          "names": [
            "string"
          ]
        }
      },
      {
        "name": "rendered",
        "description": " Defines if the plot area is to be rendered. The default value is on.",
        "optional": true,
        "type": {
          "names": [
            "\"off\"",
            "\"on\""
          ]
        }
      }
    ]
  },
  {
    "memberof": "oj-c.MeterCircle",
    "id": "oj-c.MeterCircle.ReferenceLine",
    "name": "ReferenceLine",
    "kind": "typedef",
    "longname": "oj-c.MeterCircle.ReferenceLine",
    "scope": "static",
    "description": "",
    "type": {
      "names": [
        "Object"
      ]
    },
    "meta": {
      "filename": "meter-circle.tsx",
      "path": "/home/jenkins/uitech/workspace/OJET_Code_15.0.5/packages/oraclejet-core-pack/web/components/oj-c/meter-circle"
    },
    "properties": [
      {
        "name": "value",
        "description": "The value of the reference line.",
        "optional": false,
        "type": {
          "names": [
            "number"
          ]
        }
      },
      {
        "name": "color",
        "description": "<p>The color of the reference line.</p>\n<p>In addition to standard CSS color values, special enumerated values 'danger', 'warning',\nand 'success' are also supported. These special values are mapped to corresponding CSS color values\nbased upon the current theme.</p>",
        "optional": true,
        "type": {
          "names": [
            "string"
          ]
        },
        "ojvalues": [
          {
            "name": "danger",
            "description": "Maps to theme-specific color indicating a danger condition",
            "type": {
              "names": [
                "string"
              ]
            }
          },
          {
            "name": "warning",
            "description": "Maps to theme-specific color indicating a warning condition",
            "type": {
              "names": [
                "string"
              ]
            }
          },
          {
            "name": "success",
            "description": "Maps to theme-specific color indicating a success condition",
            "type": {
              "names": [
                "string"
              ]
            }
          }
        ]
      }
    ]
  },
  {
    "memberof": "oj-c.MeterCircle",
    "id": "oj-c.MeterCircle.Threshold",
    "name": "Threshold",
    "kind": "typedef",
    "longname": "oj-c.MeterCircle.Threshold",
    "scope": "static",
    "description": "",
    "type": {
      "names": [
        "Object"
      ]
    },
    "meta": {
      "filename": "meter-circle.tsx",
      "path": "/home/jenkins/uitech/workspace/OJET_Code_15.0.5/packages/oraclejet-core-pack/web/components/oj-c/meter-circle"
    },
    "properties": [
      {
        "name": "accessibleLabel",
        "description": "A label for the threshold used for accessibility purposes.",
        "optional": true,
        "type": {
          "names": [
            "string"
          ]
        }
      },
      {
        "name": "color",
        "description": "<p>The color of the threshold.</p>\n<p>In addition to standard CSS color values, special enumerated values 'danger', 'warning',\nand 'success' are also supported. These special values are mapped to corresponding CSS color values\nbased upon the current theme.</p>",
        "optional": true,
        "type": {
          "names": [
            "string"
          ]
        },
        "ojvalues": [
          {
            "name": "danger",
            "description": "Maps to theme-specific color indicating a danger condition",
            "type": {
              "names": [
                "string"
              ]
            }
          },
          {
            "name": "warning",
            "description": "Maps to theme-specific color indicating a warning condition",
            "type": {
              "names": [
                "string"
              ]
            }
          },
          {
            "name": "success",
            "description": "Maps to theme-specific color indicating a success condition",
            "type": {
              "names": [
                "string"
              ]
            }
          }
        ]
      },
      {
        "name": "max",
        "description": "The maximum value of the threshold.",
        "optional": false,
        "type": {
          "names": [
            "number"
          ]
        }
      }
    ]
  },
  {
    "memberof": "oj-c.MeterCircle",
    "id": "oj-c.MeterCircle.DatatipContext",
    "name": "DatatipContext",
    "kind": "typedef",
    "longname": "oj-c.MeterCircle.DatatipContext",
    "scope": "static",
    "description": "Context for datatip function.",
    "type": {
      "names": [
        "Object"
      ]
    },
    "meta": {
      "filename": "meter-circle.tsx",
      "path": "/home/jenkins/uitech/workspace/OJET_Code_15.0.5/packages/oraclejet-core-pack/web/components/oj-c/meter-circle"
    },
    "properties": [
      {
        "name": "value",
        "description": "The current value of the meter circle.",
        "optional": false,
        "type": {
          "names": [
            "number"
          ]
        }
      }
    ]
  },
  {
    "memberof": "oj-c.MeterCircle",
    "id": "oj-c.MeterCircle.Bounds",
    "name": "Bounds",
    "kind": "typedef",
    "longname": "oj-c.MeterCircle.Bounds",
    "scope": "static",
    "description": "",
    "type": {
      "names": [
        "Object"
      ]
    },
    "meta": {
      "filename": "meter-circle.tsx",
      "path": "/home/jenkins/uitech/workspace/OJET_Code_15.0.5/packages/oraclejet-core-pack/web/components/oj-c/meter-circle"
    },
    "properties": [
      {
        "name": "width",
        "description": "The width of the bounding rectangle.",
        "optional": false,
        "type": {
          "names": [
            "number"
          ]
        }
      },
      {
        "name": "height",
        "description": "The height of the bounding rectangle.",
        "optional": false,
        "type": {
          "names": [
            "number"
          ]
        }
      },
      {
        "name": "x",
        "description": "The x position of the bounding rectangle.",
        "optional": false,
        "type": {
          "names": [
            "number"
          ]
        }
      },
      {
        "name": "y",
        "description": "The y position of the bounding rectangle.",
        "optional": false,
        "type": {
          "names": [
            "number"
          ]
        }
      }
    ]
  }
]